{
  "timestamp": "2026-02-02T20:53:53.741695",
  "best_model": "Linear Regression",
  "models": {
    "Linear Regression": {
      "train_mae": 9206581.181433542,
      "test_mae": 10955343.751064,
      "train_rmse": 16788089.705794133,
      "test_rmse": 19415872.438174885,
      "train_r2": 0.9985838369951066,
      "test_r2": 0.9981764985345571,
      "train_mape": 2.7061249614805734,
      "test_mape": 2.988039884762249,
      "cv_r2_mean": 0.9983469041392269,
      "cv_r2_std": 0.0006174880830798068
    },
    "Ridge": {
      "train_mae": 9316763.092218725,
      "test_mae": 10997789.941959962,
      "train_rmse": 17361433.46440613,
      "test_rmse": 19924187.373653762,
      "train_r2": 0.9984854561801593,
      "test_r2": 0.9980797687583577,
      "train_mape": 2.613664178572258,
      "test_mape": 2.805649144596955,
      "cv_r2_mean": 0.9982700156307527,
      "cv_r2_std": 0.0007435629766796601
    },
    "Lasso": {
      "train_mae": 9180587.69656648,
      "test_mae": 10937397.275069604,
      "train_rmse": 16793930.245449014,
      "test_rmse": 19427117.456238005,
      "train_r2": 0.9985828514636862,
      "test_r2": 0.9981743857018762,
      "train_mape": 2.687305321130963,
      "test_mape": 2.9512681365384923,
      "cv_r2_mean": 0.998354038802551,
      "cv_r2_std": 0.0006125132906558805
    },
    "ElasticNet": {
      "train_mae": 11828335.980153546,
      "test_mae": 13128732.897926645,
      "train_rmse": 20799834.2560632,
      "test_rmse": 23549465.521127135,
      "train_r2": 0.997826145707418,
      "test_r2": 0.9973174093517763,
      "train_mape": 2.6450416750629078,
      "test_mape": 2.683526743485694,
      "cv_r2_mean": 0.997630237578455,
      "cv_r2_std": 0.0009416426958530334
    },
    "Random Forest": {
      "train_mae": 4304639.696197756,
      "test_mae": 9119445.129344758,
      "train_rmse": 11860382.405009309,
      "test_rmse": 24082726.26027423,
      "train_r2": 0.9992931812423856,
      "test_r2": 0.9971945431387106,
      "train_mape": 0.9451041604032869,
      "test_mape": 1.8981312686004563,
      "cv_r2_mean": 0.9971309220859064,
      "cv_r2_std": 0.0013972017478908385
    },
    "Gradient Boosting": {
      "train_mae": 1225902.4008983297,
      "test_mae": 9485372.104035234,
      "train_rmse": 1805059.541721806,
      "test_rmse": 25797590.36465979,
      "train_r2": 0.9999836283011712,
      "test_r2": 0.9967807805618272,
      "train_mape": 0.40099655628312625,
      "test_mape": 1.8660869595987764,
      "cv_r2_mean": 0.997882187885003,
      "cv_r2_std": 0.001149079168359996
    }
  }
}